dataset_name,model_id,patch_set,patch_size,ratio_variant,feature_set,feature_family,evaluation_split,valid_row_count,valid_positive_count,valid_negative_count,feature_column_count,model_file_path,feature_file_path,valid_accuracy,valid_precision,valid_recall,valid_f1,valid_specificity,valid_balanced_accuracy,valid_tp,valid_fp,valid_tn,valid_fn
dataset1_varroa,d1_linsvm_001,centered80_balanced,80,balanced,hog8_hsv_lbp,hog_hsv_lbp_combined,valid,1288,644,644,2958,outputs/models/dataset1_varroa/01_linear_svm/d1_linsvm_001__centered80_balanced__hog8_hsv_lbp.joblib,data/features/dataset1_varroa/centered80_balanced__hog8_hsv_lbp.parquet,0.9177018633540373,0.8778089887640449,0.9704968944099379,0.9218289085545722,0.8649068322981367,0.9177018633540373,625,87,557,19
dataset1_varroa,d1_linsvm_002,centered80_balanced,80,balanced,hog8_hsv,hog_hsv_lbp_combined,valid,1288,644,644,2948,outputs/models/dataset1_varroa/01_linear_svm/d1_linsvm_002__centered80_balanced__hog8_hsv.joblib,data/features/dataset1_varroa/centered80_balanced__hog8_hsv.parquet,0.9107142857142857,0.8668515950069348,0.9704968944099379,0.9157509157509157,0.8509316770186336,0.9107142857142858,625,96,548,19
dataset1_varroa,d1_linsvm_003,centered80_balanced,80,balanced,hog8_only,hog_only,valid,1288,644,644,2916,outputs/models/dataset1_varroa/01_linear_svm/d1_linsvm_003__centered80_balanced__hog8_only.joblib,data/features/dataset1_varroa/centered80_balanced__hog8_only.parquet,0.7771739130434783,0.7652303120356612,0.7996894409937888,0.7820804859529233,0.7546583850931677,0.7771739130434783,515,158,486,129
dataset1_varroa,d1_linsvm_004,centered80_balanced,80,balanced,hog16_hsv_lbp,hog_hsv_lbp_combined,valid,1288,644,644,618,outputs/models/dataset1_varroa/01_linear_svm/d1_linsvm_004__centered80_balanced__hog16_hsv_lbp.joblib,data/features/dataset1_varroa/centered80_balanced__hog16_hsv_lbp.parquet,0.937111801242236,0.9004267425320057,0.9829192546583851,0.9398663697104677,0.8913043478260869,0.937111801242236,633,70,574,11
dataset1_varroa,d1_linsvm_005,centered80_balanced,80,balanced,hog16_hsv,hog_hsv_lbp_combined,valid,1288,644,644,608,outputs/models/dataset1_varroa/01_linear_svm/d1_linsvm_005__centered80_balanced__hog16_hsv.joblib,data/features/dataset1_varroa/centered80_balanced__hog16_hsv.parquet,0.9340062111801242,0.8953323903818954,0.9829192546583851,0.9370836417468542,0.8850931677018633,0.9340062111801242,633,74,570,11
dataset1_varroa,d1_linsvm_006,centered80_balanced,80,balanced,hog16_only,hog_only,valid,1288,644,644,576,outputs/models/dataset1_varroa/01_linear_svm/d1_linsvm_006__centered80_balanced__hog16_only.joblib,data/features/dataset1_varroa/centered80_balanced__hog16_only.parquet,0.8144409937888198,0.7991137370753324,0.8400621118012422,0.8190764572293717,0.7888198757763976,0.81444099378882,541,136,508,103
dataset1_varroa,d1_linsvm_007,centered80_balanced,80,balanced,hsv_lbp_only,hsv_lbp_only,valid,1288,644,644,42,outputs/models/dataset1_varroa/01_linear_svm/d1_linsvm_007__centered80_balanced__hsv_lbp_only.joblib,data/features/dataset1_varroa/centered80_balanced__hsv_lbp_only.parquet,0.9324534161490683,0.8906030855539971,0.9860248447204969,0.9358879882092852,0.8788819875776398,0.9324534161490683,635,78,566,9
dataset1_varroa,d1_linsvm_008,centered80_balanced,80,balanced,hog8_pca_hsv_lbp,hog_pca_combined,valid,1288,644,644,781,outputs/models/dataset1_varroa/01_linear_svm/d1_linsvm_008__centered80_balanced__hog8_pca_hsv_lbp.joblib,data/features/dataset1_varroa/centered80_balanced__hog8_pca_hsv_lbp.parquet,0.9262422360248447,0.8817802503477051,0.984472049689441,0.9303008070432869,0.8680124223602484,0.9262422360248448,634,85,559,10
dataset1_varroa,d1_linsvm_009,centered80_balanced,80,balanced,hog8_pca_hsv,hog_pca_combined,valid,1288,644,644,771,outputs/models/dataset1_varroa/01_linear_svm/d1_linsvm_009__centered80_balanced__hog8_pca_hsv.joblib,data/features/dataset1_varroa/centered80_balanced__hog8_pca_hsv.parquet,0.9208074534161491,0.8753462603878116,0.9813664596273292,0.9253294289897511,0.860248447204969,0.920807453416149,632,90,554,12
dataset1_varroa,d1_linsvm_010,centered80_balanced,80,balanced,hog8_pca_only,hog_pca_only,valid,1288,644,644,739,outputs/models/dataset1_varroa/01_linear_svm/d1_linsvm_010__centered80_balanced__hog8_pca_only.joblib,data/features/dataset1_varroa/centered80_balanced__hog8_pca_only.parquet,0.8043478260869565,0.7848837209302325,0.8385093167701864,0.8108108108108109,0.7701863354037267,0.8043478260869565,540,148,496,104
dataset1_varroa,d1_linsvm_011,centered80_balanced,80,balanced,hog16_pca_hsv_lbp,hog_pca_combined,valid,1288,644,644,219,outputs/models/dataset1_varroa/01_linear_svm/d1_linsvm_011__centered80_balanced__hog16_pca_hsv_lbp.joblib,data/features/dataset1_varroa/centered80_balanced__hog16_pca_hsv_lbp.parquet,0.9417701863354038,0.905848787446505,0.9860248447204969,0.9442379182156134,0.8975155279503105,0.9417701863354038,635,66,578,9
dataset1_varroa,d1_linsvm_012,centered80_balanced,80,balanced,hog16_pca_hsv,hog_pca_combined,valid,1288,644,644,209,outputs/models/dataset1_varroa/01_linear_svm/d1_linsvm_012__centered80_balanced__hog16_pca_hsv.joblib,data/features/dataset1_varroa/centered80_balanced__hog16_pca_hsv.parquet,0.9347826086956522,0.8932584269662921,0.9875776397515528,0.9380530973451328,0.8819875776397516,0.9347826086956521,636,76,568,8
dataset1_varroa,d1_linsvm_013,centered80_balanced,80,balanced,hog16_pca_only,hog_pca_only,valid,1288,644,644,177,outputs/models/dataset1_varroa/01_linear_svm/d1_linsvm_013__centered80_balanced__hog16_pca_only.joblib,data/features/dataset1_varroa/centered80_balanced__hog16_pca_only.parquet,0.8113354037267081,0.7961595273264401,0.8369565217391305,0.8160484481453444,0.7857142857142857,0.8113354037267081,539,138,506,105
dataset1_varroa,d1_linsvm_014,centered80_neg4x,80,neg4x,hog8_hsv_lbp,hog_hsv_lbp_combined,valid,3220,644,2576,2958,outputs/models/dataset1_varroa/01_linear_svm/d1_linsvm_014__centered80_neg4x__hog8_hsv_lbp.joblib,data/features/dataset1_varroa/centered80_neg4x__hog8_hsv_lbp.parquet,0.9385093167701863,0.7973333333333333,0.9285714285714286,0.8579626972740315,0.9409937888198758,0.9347826086956522,598,152,2424,46
dataset1_varroa,d1_linsvm_015,centered80_neg4x,80,neg4x,hog8_hsv,hog_hsv_lbp_combined,valid,3220,644,2576,2948,outputs/models/dataset1_varroa/01_linear_svm/d1_linsvm_015__centered80_neg4x__hog8_hsv.joblib,data/features/dataset1_varroa/centered80_neg4x__hog8_hsv.parquet,0.9388198757763975,0.7991967871485943,0.9270186335403726,0.8583752695902228,0.9417701863354038,0.9343944099378882,597,150,2426,47
dataset1_varroa,d1_linsvm_016,centered80_neg4x,80,neg4x,hog8_only,hog_only,valid,3220,644,2576,2916,outputs/models/dataset1_varroa/01_linear_svm/d1_linsvm_016__centered80_neg4x__hog8_only.joblib,data/features/dataset1_varroa/centered80_neg4x__hog8_only.parquet,0.8605590062111801,0.6611570247933884,0.6211180124223602,0.6405124099279423,0.9204192546583851,0.7707686335403727,400,205,2371,244
dataset1_varroa,d1_linsvm_017,centered80_neg4x,80,neg4x,hog16_hsv_lbp,hog_hsv_lbp_combined,valid,3220,644,2576,618,outputs/models/dataset1_varroa/01_linear_svm/d1_linsvm_017__centered80_neg4x__hog16_hsv_lbp.joblib,data/features/dataset1_varroa/centered80_neg4x__hog16_hsv_lbp.parquet,0.9549689440993789,0.8367071524966262,0.9627329192546584,0.8953068592057761,0.953027950310559,0.9578804347826086,620,121,2455,24
dataset1_varroa,d1_linsvm_018,centered80_neg4x,80,neg4x,hog16_hsv,hog_hsv_lbp_combined,valid,3220,644,2576,608,outputs/models/dataset1_varroa/01_linear_svm/d1_linsvm_018__centered80_neg4x__hog16_hsv.joblib,data/features/dataset1_varroa/centered80_neg4x__hog16_hsv.parquet,0.9527950310559006,0.8297587131367292,0.9611801242236024,0.8906474820143885,0.9506987577639752,0.9559394409937888,619,127,2449,25
dataset1_varroa,d1_linsvm_019,centered80_neg4x,80,neg4x,hog16_only,hog_only,valid,3220,644,2576,576,outputs/models/dataset1_varroa/01_linear_svm/d1_linsvm_019__centered80_neg4x__hog16_only.joblib,data/features/dataset1_varroa/centered80_neg4x__hog16_only.parquet,0.8916149068322982,0.7777777777777778,0.6413043478260869,0.7029787234042553,0.9541925465838509,0.797748447204969,413,118,2458,231
dataset1_varroa,d1_linsvm_020,centered80_neg4x,80,neg4x,hsv_lbp_only,hsv_lbp_only,valid,3220,644,2576,42,outputs/models/dataset1_varroa/01_linear_svm/d1_linsvm_020__centered80_neg4x__hsv_lbp_only.joblib,data/features/dataset1_varroa/centered80_neg4x__hsv_lbp_only.parquet,0.9403726708074535,0.7965879265091863,0.9425465838509317,0.8634423897581792,0.9398291925465838,0.9411878881987578,607,155,2421,37
dataset1_varroa,d1_linsvm_021,centered80_neg4x,80,neg4x,hog8_pca_hsv_lbp,hog_pca_combined,valid,3220,644,2576,811,outputs/models/dataset1_varroa/01_linear_svm/d1_linsvm_021__centered80_neg4x__hog8_pca_hsv_lbp.joblib,data/features/dataset1_varroa/centered80_neg4x__hog8_pca_hsv_lbp.parquet,0.9496894409937888,0.8204787234042553,0.9580745341614907,0.8839541547277937,0.9475931677018633,0.9528338509316769,617,135,2441,27
dataset1_varroa,d1_linsvm_022,centered80_neg4x,80,neg4x,hog8_pca_hsv,hog_pca_combined,valid,3220,644,2576,801,outputs/models/dataset1_varroa/01_linear_svm/d1_linsvm_022__centered80_neg4x__hog8_pca_hsv.joblib,data/features/dataset1_varroa/centered80_neg4x__hog8_pca_hsv.parquet,0.9496894409937888,0.8247978436657682,0.9503105590062112,0.8831168831168831,0.9495341614906833,0.9499223602484472,612,130,2446,32
dataset1_varroa,d1_linsvm_023,centered80_neg4x,80,neg4x,hog8_pca_only,hog_pca_only,valid,3220,644,2576,769,outputs/models/dataset1_varroa/01_linear_svm/d1_linsvm_023__centered80_neg4x__hog8_pca_only.joblib,data/features/dataset1_varroa/centered80_neg4x__hog8_pca_only.parquet,0.8720496894409938,0.7132352941176471,0.6024844720496895,0.6531986531986532,0.9394409937888198,0.7709627329192547,388,156,2420,256
dataset1_varroa,d1_linsvm_024,centered80_neg4x,80,neg4x,hog16_pca_hsv_lbp,hog_pca_combined,valid,3220,644,2576,223,outputs/models/dataset1_varroa/01_linear_svm/d1_linsvm_024__centered80_neg4x__hog16_pca_hsv_lbp.joblib,data/features/dataset1_varroa/centered80_neg4x__hog16_pca_hsv_lbp.parquet,0.953416149068323,0.8337837837837838,0.9580745341614907,0.8916184971098265,0.952251552795031,0.9551630434782609,617,123,2453,27
dataset1_varroa,d1_linsvm_025,centered80_neg4x,80,neg4x,hog16_pca_hsv,hog_pca_combined,valid,3220,644,2576,213,outputs/models/dataset1_varroa/01_linear_svm/d1_linsvm_025__centered80_neg4x__hog16_pca_hsv.joblib,data/features/dataset1_varroa/centered80_neg4x__hog16_pca_hsv.parquet,0.9537267080745342,0.835820895522388,0.9565217391304348,0.8921071687183201,0.953027950310559,0.9547748447204969,616,121,2455,28
dataset1_varroa,d1_linsvm_026,centered80_neg4x,80,neg4x,hog16_pca_only,hog_pca_only,valid,3220,644,2576,181,outputs/models/dataset1_varroa/01_linear_svm/d1_linsvm_026__centered80_neg4x__hog16_pca_only.joblib,data/features/dataset1_varroa/centered80_neg4x__hog16_pca_only.parquet,0.877639751552795,0.7413127413127413,0.5962732919254659,0.6609294320137694,0.9479813664596274,0.7721273291925466,384,134,2442,260
dataset1_varroa,d1_linsvm_027,centered96_balanced,96,balanced,hog8_hsv_lbp,hog_hsv_lbp_combined,valid,1288,644,644,4398,outputs/models/dataset1_varroa/01_linear_svm/d1_linsvm_027__centered96_balanced__hog8_hsv_lbp.joblib,data/features/dataset1_varroa/centered96_balanced__hog8_hsv_lbp.parquet,0.8850931677018633,0.8512747875354107,0.9332298136645962,0.8903703703703704,0.8369565217391305,0.8850931677018634,601,105,539,43
dataset1_varroa,d1_linsvm_028,centered96_balanced,96,balanced,hog8_hsv,hog_hsv_lbp_combined,valid,1288,644,644,4388,outputs/models/dataset1_varroa/01_linear_svm/d1_linsvm_028__centered96_balanced__hog8_hsv.joblib,data/features/dataset1_varroa/centered96_balanced__hog8_hsv.parquet,0.8827639751552795,0.8516405135520685,0.9270186335403726,0.8877323420074349,0.8385093167701864,0.8827639751552795,597,104,540,47
dataset1_varroa,d1_linsvm_029,centered96_balanced,96,balanced,hog8_only,hog_only,valid,1288,644,644,4356,outputs/models/dataset1_varroa/01_linear_svm/d1_linsvm_029__centered96_balanced__hog8_only.joblib,data/features/dataset1_varroa/centered96_balanced__hog8_only.parquet,0.8105590062111802,0.8012048192771084,0.8260869565217391,0.8134556574923547,0.7950310559006211,0.81055900621118,532,132,512,112
dataset1_varroa,d1_linsvm_030,centered96_balanced,96,balanced,hog16_hsv_lbp,hog_hsv_lbp_combined,valid,1288,644,644,942,outputs/models/dataset1_varroa/01_linear_svm/d1_linsvm_030__centered96_balanced__hog16_hsv_lbp.joblib,data/features/dataset1_varroa/centered96_balanced__hog16_hsv_lbp.parquet,0.9332298136645962,0.903179190751445,0.9704968944099379,0.9356287425149701,0.8959627329192547,0.9332298136645962,625,67,577,19
dataset1_varroa,d1_linsvm_031,centered96_balanced,96,balanced,hog16_hsv,hog_hsv_lbp_combined,valid,1288,644,644,932,outputs/models/dataset1_varroa/01_linear_svm/d1_linsvm_031__centered96_balanced__hog16_hsv.joblib,data/features/dataset1_varroa/centered96_balanced__hog16_hsv.parquet,0.9355590062111802,0.9071117561683599,0.9704968944099379,0.9377344336084021,0.9006211180124224,0.9355590062111802,625,64,580,19
dataset1_varroa,d1_linsvm_032,centered96_balanced,96,balanced,hog16_only,hog_only,valid,1288,644,644,900,outputs/models/dataset1_varroa/01_linear_svm/d1_linsvm_032__centered96_balanced__hog16_only.joblib,data/features/dataset1_varroa/centered96_balanced__hog16_only.parquet,0.8532608695652174,0.8431372549019608,0.8680124223602484,0.8553940321346595,0.8385093167701864,0.8532608695652174,559,104,540,85
dataset1_varroa,d1_linsvm_033,centered96_balanced,96,balanced,hsv_lbp_only,hsv_lbp_only,valid,1288,644,644,42,outputs/models/dataset1_varroa/01_linear_svm/d1_linsvm_033__centered96_balanced__hsv_lbp_only.joblib,data/features/dataset1_varroa/centered96_balanced__hsv_lbp_only.parquet,0.9153726708074534,0.8751753155680224,0.968944099378882,0.9196757553426677,0.8618012422360248,0.9153726708074534,624,89,555,20
dataset1_varroa,d1_linsvm_034,centered96_balanced,96,balanced,hog8_pca_hsv_lbp,hog_pca_combined,valid,1288,644,644,1084,outputs/models/dataset1_varroa/01_linear_svm/d1_linsvm_034__centered96_balanced__hog8_pca_hsv_lbp.joblib,data/features/dataset1_varroa/centered96_balanced__hog8_pca_hsv_lbp.parquet,0.9021739130434783,0.8627450980392157,0.9565217391304348,0.9072164948453608,0.8478260869565217,0.9021739130434783,616,98,546,28
dataset1_varroa,d1_linsvm_035,centered96_balanced,96,balanced,hog8_pca_hsv,hog_pca_combined,valid,1288,644,644,1074,outputs/models/dataset1_varroa/01_linear_svm/d1_linsvm_035__centered96_balanced__hog8_pca_hsv.joblib,data/features/dataset1_varroa/centered96_balanced__hog8_pca_hsv.parquet,0.8990683229813664,0.8579387186629527,0.9565217391304348,0.9045521292217328,0.8416149068322981,0.8990683229813665,616,102,542,28
dataset1_varroa,d1_linsvm_036,centered96_balanced,96,balanced,hog8_pca_only,hog_pca_only,valid,1288,644,644,1042,outputs/models/dataset1_varroa/01_linear_svm/d1_linsvm_036__centered96_balanced__hog8_pca_only.joblib,data/features/dataset1_varroa/centered96_balanced__hog8_pca_only.parquet,0.8369565217391305,0.8277945619335347,0.8509316770186336,0.8392036753445635,0.8229813664596274,0.8369565217391305,548,114,530,96
dataset1_varroa,d1_linsvm_037,centered96_balanced,96,balanced,hog16_pca_hsv_lbp,hog_pca_combined,valid,1288,644,644,297,outputs/models/dataset1_varroa/01_linear_svm/d1_linsvm_037__centered96_balanced__hog16_pca_hsv_lbp.joblib,data/features/dataset1_varroa/centered96_balanced__hog16_pca_hsv_lbp.parquet,0.9402173913043478,0.91027496382055,0.9767080745341615,0.9423220973782771,0.9037267080745341,0.9402173913043479,629,62,582,15
dataset1_varroa,d1_linsvm_038,centered96_balanced,96,balanced,hog16_pca_hsv,hog_pca_combined,valid,1288,644,644,287,outputs/models/dataset1_varroa/01_linear_svm/d1_linsvm_038__centered96_balanced__hog16_pca_hsv.joblib,data/features/dataset1_varroa/centered96_balanced__hog16_pca_hsv.parquet,0.9409937888198758,0.9104046242774566,0.9782608695652174,0.9431137724550899,0.9037267080745341,0.9409937888198758,630,62,582,14
dataset1_varroa,d1_linsvm_039,centered96_balanced,96,balanced,hog16_pca_only,hog_pca_only,valid,1288,644,644,255,outputs/models/dataset1_varroa/01_linear_svm/d1_linsvm_039__centered96_balanced__hog16_pca_only.joblib,data/features/dataset1_varroa/centered96_balanced__hog16_pca_only.parquet,0.8625776397515528,0.8511278195488722,0.8788819875776398,0.8647822765469825,0.8462732919254659,0.8625776397515528,566,99,545,78
dataset1_varroa,d1_linsvm_040,centered96_neg4x,96,neg4x,hog8_hsv_lbp,hog_hsv_lbp_combined,valid,3220,644,2576,4398,outputs/models/dataset1_varroa/01_linear_svm/d1_linsvm_040__centered96_neg4x__hog8_hsv_lbp.joblib,data/features/dataset1_varroa/centered96_neg4x__hog8_hsv_lbp.parquet,0.9177018633540373,0.7389659520807061,0.9099378881987578,0.8155880306193458,0.9196428571428571,0.9147903726708074,586,207,2369,58
dataset1_varroa,d1_linsvm_041,centered96_neg4x,96,neg4x,hog8_hsv,hog_hsv_lbp_combined,valid,3220,644,2576,4388,outputs/models/dataset1_varroa/01_linear_svm/d1_linsvm_041__centered96_neg4x__hog8_hsv.joblib,data/features/dataset1_varroa/centered96_neg4x__hog8_hsv.parquet,0.9152173913043479,0.7321652065081352,0.9083850931677019,0.8108108108108109,0.9169254658385093,0.9126552795031055,585,214,2362,59
dataset1_varroa,d1_linsvm_042,centered96_neg4x,96,neg4x,hog8_only,hog_only,valid,3220,644,2576,4356,outputs/models/dataset1_varroa/01_linear_svm/d1_linsvm_042__centered96_neg4x__hog8_only.joblib,data/features/dataset1_varroa/centered96_neg4x__hog8_only.parquet,0.8468944099378882,0.6083213773314203,0.6583850931677019,0.6323639075316928,0.8940217391304348,0.7762034161490683,424,273,2303,220
dataset1_varroa,d1_linsvm_043,centered96_neg4x,96,neg4x,hog16_hsv_lbp,hog_hsv_lbp_combined,valid,3220,644,2576,942,outputs/models/dataset1_varroa/01_linear_svm/d1_linsvm_043__centered96_neg4x__hog16_hsv_lbp.joblib,data/features/dataset1_varroa/centered96_neg4x__hog16_hsv_lbp.parquet,0.9475155279503106,0.8213802435723951,0.9425465838509317,0.8778018799710774,0.9487577639751553,0.9456521739130435,607,132,2444,37
dataset1_varroa,d1_linsvm_044,centered96_neg4x,96,neg4x,hog16_hsv,hog_hsv_lbp_combined,valid,3220,644,2576,932,outputs/models/dataset1_varroa/01_linear_svm/d1_linsvm_044__centered96_neg4x__hog16_hsv.joblib,data/features/dataset1_varroa/centered96_neg4x__hog16_hsv.parquet,0.9450310559006211,0.8134228187919463,0.9409937888198758,0.8725701943844493,0.9460403726708074,0.9435170807453417,606,139,2437,38
dataset1_varroa,d1_linsvm_045,centered96_neg4x,96,neg4x,hog16_only,hog_only,valid,3220,644,2576,900,outputs/models/dataset1_varroa/01_linear_svm/d1_linsvm_045__centered96_neg4x__hog16_only.joblib,data/features/dataset1_varroa/centered96_neg4x__hog16_only.parquet,0.9021739130434783,0.7811965811965812,0.7096273291925466,0.7436940602115542,0.9503105590062112,0.8299689440993789,457,128,2448,187
dataset1_varroa,d1_linsvm_046,centered96_neg4x,96,neg4x,hsv_lbp_only,hsv_lbp_only,valid,3220,644,2576,42,outputs/models/dataset1_varroa/01_linear_svm/d1_linsvm_046__centered96_neg4x__hsv_lbp_only.joblib,data/features/dataset1_varroa/centered96_neg4x__hsv_lbp_only.parquet,0.9270186335403726,0.7611749680715197,0.9254658385093167,0.8353188507358094,0.9274068322981367,0.9264363354037267,596,187,2389,48
dataset1_varroa,d1_linsvm_047,centered96_neg4x,96,neg4x,hog8_pca_hsv_lbp,hog_pca_combined,valid,3220,644,2576,1147,outputs/models/dataset1_varroa/01_linear_svm/d1_linsvm_047__centered96_neg4x__hog8_pca_hsv_lbp.joblib,data/features/dataset1_varroa/centered96_neg4x__hog8_pca_hsv_lbp.parquet,0.9341614906832298,0.7790697674418605,0.9363354037267081,0.8504936530324401,0.9336180124223602,0.9349767080745341,603,171,2405,41
dataset1_varroa,d1_linsvm_048,centered96_neg4x,96,neg4x,hog8_pca_hsv,hog_pca_combined,valid,3220,644,2576,1137,outputs/models/dataset1_varroa/01_linear_svm/d1_linsvm_048__centered96_neg4x__hog8_pca_hsv.joblib,data/features/dataset1_varroa/centered96_neg4x__hog8_pca_hsv.parquet,0.9319875776397516,0.7756160830090791,0.9285714285714286,0.8452296819787986,0.9328416149068323,0.9307065217391304,598,173,2403,46
dataset1_varroa,d1_linsvm_049,centered96_neg4x,96,neg4x,hog8_pca_only,hog_pca_only,valid,3220,644,2576,1105,outputs/models/dataset1_varroa/01_linear_svm/d1_linsvm_049__centered96_neg4x__hog8_pca_only.joblib,data/features/dataset1_varroa/centered96_neg4x__hog8_pca_only.parquet,0.8838509316770187,0.7205882352941176,0.6847826086956522,0.7022292993630573,0.9336180124223602,0.8092003105590062,441,171,2405,203
dataset1_varroa,d1_linsvm_050,centered96_neg4x,96,neg4x,hog16_pca_hsv_lbp,hog_pca_combined,valid,3220,644,2576,305,outputs/models/dataset1_varroa/01_linear_svm/d1_linsvm_050__centered96_neg4x__hog16_pca_hsv_lbp.joblib,data/features/dataset1_varroa/centered96_neg4x__hog16_pca_hsv_lbp.parquet,0.9478260869565217,0.826027397260274,0.9363354037267081,0.8777292576419214,0.9506987577639752,0.9435170807453417,603,127,2449,41
dataset1_varroa,d1_linsvm_051,centered96_neg4x,96,neg4x,hog16_pca_hsv,hog_pca_combined,valid,3220,644,2576,295,outputs/models/dataset1_varroa/01_linear_svm/d1_linsvm_051__centered96_neg4x__hog16_pca_hsv.joblib,data/features/dataset1_varroa/centered96_neg4x__hog16_pca_hsv.parquet,0.9431677018633541,0.8119079837618404,0.9316770186335404,0.8676789587852495,0.9460403726708074,0.9388586956521738,600,139,2437,44
dataset1_varroa,d1_linsvm_052,centered96_neg4x,96,neg4x,hog16_pca_only,hog_pca_only,valid,3220,644,2576,263,outputs/models/dataset1_varroa/01_linear_svm/d1_linsvm_052__centered96_neg4x__hog16_pca_only.joblib,data/features/dataset1_varroa/centered96_neg4x__hog16_pca_only.parquet,0.8996894409937888,0.7871198568872988,0.6832298136645962,0.7315045719035744,0.9538043478260869,0.8185170807453416,440,119,2457,204
dataset1_varroa,d1_linsvm_053,centered112_balanced,112,balanced,hog8_hsv_lbp,hog_hsv_lbp_combined,valid,1288,644,644,6126,outputs/models/dataset1_varroa/01_linear_svm/d1_linsvm_053__centered112_balanced__hog8_hsv_lbp.joblib,data/features/dataset1_varroa/centered112_balanced__hog8_hsv_lbp.parquet,0.8695652173913043,0.8520710059171598,0.8944099378881988,0.8727272727272727,0.84472049689441,0.8695652173913044,576,100,544,68
dataset1_varroa,d1_linsvm_054,centered112_balanced,112,balanced,hog8_hsv,hog_hsv_lbp_combined,valid,1288,644,644,6116,outputs/models/dataset1_varroa/01_linear_svm/d1_linsvm_054__centered112_balanced__hog8_hsv.joblib,data/features/dataset1_varroa/centered112_balanced__hog8_hsv.parquet,0.8680124223602484,0.8495575221238938,0.8944099378881988,0.8714069591527988,0.8416149068322981,0.8680124223602484,576,102,542,68
dataset1_varroa,d1_linsvm_055,centered112_balanced,112,balanced,hog8_only,hog_only,valid,1288,644,644,6084,outputs/models/dataset1_varroa/01_linear_svm/d1_linsvm_055__centered112_balanced__hog8_only.joblib,data/features/dataset1_varroa/centered112_balanced__hog8_only.parquet,0.7950310559006211,0.7887537993920972,0.8059006211180124,0.7972350230414746,0.7841614906832298,0.7950310559006211,519,139,505,125
dataset1_varroa,d1_linsvm_056,centered112_balanced,112,balanced,hog16_hsv_lbp,hog_hsv_lbp_combined,valid,1288,644,644,1338,outputs/models/dataset1_varroa/01_linear_svm/d1_linsvm_056__centered112_balanced__hog16_hsv_lbp.joblib,data/features/dataset1_varroa/centered112_balanced__hog16_hsv_lbp.parquet,0.9161490683229814,0.8884057971014493,0.9518633540372671,0.9190404797601199,0.8804347826086957,0.9161490683229814,613,77,567,31
dataset1_varroa,d1_linsvm_057,centered112_balanced,112,balanced,hog16_hsv,hog_hsv_lbp_combined,valid,1288,644,644,1328,outputs/models/dataset1_varroa/01_linear_svm/d1_linsvm_057__centered112_balanced__hog16_hsv.joblib,data/features/dataset1_varroa/centered112_balanced__hog16_hsv.parquet,0.9107142857142857,0.8794835007173601,0.9518633540372671,0.9142431021625652,0.8695652173913043,0.9107142857142857,613,84,560,31
dataset1_varroa,d1_linsvm_058,centered112_balanced,112,balanced,hog16_only,hog_only,valid,1288,644,644,1296,outputs/models/dataset1_varroa/01_linear_svm/d1_linsvm_058__centered112_balanced__hog16_only.joblib,data/features/dataset1_varroa/centered112_balanced__hog16_only.parquet,0.8493788819875776,0.8429878048780488,0.8586956521739131,0.8507692307692307,0.8400621118012422,0.8493788819875776,553,103,541,91
dataset1_varroa,d1_linsvm_059,centered112_balanced,112,balanced,hsv_lbp_only,hsv_lbp_only,valid,1288,644,644,42,outputs/models/dataset1_varroa/01_linear_svm/d1_linsvm_059__centered112_balanced__hsv_lbp_only.joblib,data/features/dataset1_varroa/centered112_balanced__hsv_lbp_only.parquet,0.9037267080745341,0.8571428571428571,0.968944099378882,0.9096209912536443,0.8385093167701864,0.9037267080745341,624,104,540,20
dataset1_varroa,d1_linsvm_060,centered112_balanced,112,balanced,hog8_pca_hsv_lbp,hog_pca_combined,valid,1288,644,644,1417,outputs/models/dataset1_varroa/01_linear_svm/d1_linsvm_060__centered112_balanced__hog8_pca_hsv_lbp.joblib,data/features/dataset1_varroa/centered112_balanced__hog8_pca_hsv_lbp.parquet,0.8812111801242236,0.8482269503546099,0.9285714285714286,0.8865826538176427,0.8338509316770186,0.8812111801242236,598,107,537,46
dataset1_varroa,d1_linsvm_061,centered112_balanced,112,balanced,hog8_pca_hsv,hog_pca_combined,valid,1288,644,644,1407,outputs/models/dataset1_varroa/01_linear_svm/d1_linsvm_061__centered112_balanced__hog8_pca_hsv.joblib,data/features/dataset1_varroa/centered112_balanced__hog8_pca_hsv.parquet,0.8796583850931677,0.8458274398868458,0.9285714285714286,0.8852701702442635,0.8307453416149069,0.8796583850931677,598,109,535,46
dataset1_varroa,d1_linsvm_062,centered112_balanced,112,balanced,hog8_pca_only,hog_pca_only,valid,1288,644,644,1375,outputs/models/dataset1_varroa/01_linear_svm/d1_linsvm_062__centered112_balanced__hog8_pca_only.joblib,data/features/dataset1_varroa/centered112_balanced__hog8_pca_only.parquet,0.8051242236024845,0.7937219730941704,0.8245341614906833,0.8088347296268088,0.7857142857142857,0.8051242236024845,531,138,506,113
dataset1_varroa,d1_linsvm_063,centered112_balanced,112,balanced,hog16_pca_hsv_lbp,hog_pca_combined,valid,1288,644,644,390,outputs/models/dataset1_varroa/01_linear_svm/d1_linsvm_063__centered112_balanced__hog16_pca_hsv_lbp.joblib,data/features/dataset1_varroa/centered112_balanced__hog16_pca_hsv_lbp.parquet,0.9239130434782609,0.89,0.967391304347826,0.9270833333333334,0.8804347826086957,0.9239130434782609,623,77,567,21
dataset1_varroa,d1_linsvm_064,centered112_balanced,112,balanced,hog16_pca_hsv,hog_pca_combined,valid,1288,644,644,380,outputs/models/dataset1_varroa/01_linear_svm/d1_linsvm_064__centered112_balanced__hog16_pca_hsv.joblib,data/features/dataset1_varroa/centered112_balanced__hog16_pca_hsv.parquet,0.921583850931677,0.8873038516405135,0.9658385093167702,0.924907063197026,0.8773291925465838,0.9215838509316769,622,79,565,22
dataset1_varroa,d1_linsvm_065,centered112_balanced,112,balanced,hog16_pca_only,hog_pca_only,valid,1288,644,644,348,outputs/models/dataset1_varroa/01_linear_svm/d1_linsvm_065__centered112_balanced__hog16_pca_only.joblib,data/features/dataset1_varroa/centered112_balanced__hog16_pca_only.parquet,0.8548136645962733,0.8385185185185186,0.8788819875776398,0.8582259287338894,0.8307453416149069,0.8548136645962734,566,109,535,78
dataset1_varroa,d1_linsvm_066,centered112_neg4x,112,neg4x,hog8_hsv_lbp,hog_hsv_lbp_combined,valid,3220,644,2576,6126,outputs/models/dataset1_varroa/01_linear_svm/d1_linsvm_066__centered112_neg4x__hog8_hsv_lbp.joblib,data/features/dataset1_varroa/centered112_neg4x__hog8_hsv_lbp.parquet,0.8987577639751553,0.6953316953316954,0.8788819875776398,0.7764060356652949,0.9037267080745341,0.8913043478260869,566,248,2328,78
dataset1_varroa,d1_linsvm_067,centered112_neg4x,112,neg4x,hog8_hsv,hog_hsv_lbp_combined,valid,3220,644,2576,6116,outputs/models/dataset1_varroa/01_linear_svm/d1_linsvm_067__centered112_neg4x__hog8_hsv.joblib,data/features/dataset1_varroa/centered112_neg4x__hog8_hsv.parquet,0.8944099378881988,0.687192118226601,0.8664596273291926,0.7664835164835165,0.9013975155279503,0.8839285714285714,558,254,2322,86
dataset1_varroa,d1_linsvm_068,centered112_neg4x,112,neg4x,hog8_only,hog_only,valid,3220,644,2576,6084,outputs/models/dataset1_varroa/01_linear_svm/d1_linsvm_068__centered112_neg4x__hog8_only.joblib,data/features/dataset1_varroa/centered112_neg4x__hog8_only.parquet,0.8456521739130435,0.6095380029806259,0.6350931677018633,0.6220532319391635,0.8982919254658385,0.7666925465838509,409,262,2314,235
dataset1_varroa,d1_linsvm_069,centered112_neg4x,112,neg4x,hog16_hsv_lbp,hog_hsv_lbp_combined,valid,3220,644,2576,1338,outputs/models/dataset1_varroa/01_linear_svm/d1_linsvm_069__centered112_neg4x__hog16_hsv_lbp.joblib,data/features/dataset1_varroa/centered112_neg4x__hog16_hsv_lbp.parquet,0.9385093167701863,0.8071625344352618,0.9099378881987578,0.8554744525547445,0.9456521739130435,0.9277950310559007,586,140,2436,58
dataset1_varroa,d1_linsvm_070,centered112_neg4x,112,neg4x,hog16_hsv,hog_hsv_lbp_combined,valid,3220,644,2576,1328,outputs/models/dataset1_varroa/01_linear_svm/d1_linsvm_070__centered112_neg4x__hog16_hsv.joblib,data/features/dataset1_varroa/centered112_neg4x__hog16_hsv.parquet,0.9366459627329192,0.7972972972972973,0.9161490683229814,0.8526011560693642,0.9417701863354038,0.9289596273291926,590,150,2426,54
dataset1_varroa,d1_linsvm_071,centered112_neg4x,112,neg4x,hog16_only,hog_only,valid,3220,644,2576,1296,outputs/models/dataset1_varroa/01_linear_svm/d1_linsvm_071__centered112_neg4x__hog16_only.joblib,data/features/dataset1_varroa/centered112_neg4x__hog16_only.parquet,0.8928571428571429,0.7479270315091211,0.7003105590062112,0.723336006415397,0.9409937888198758,0.8206521739130435,451,152,2424,193
dataset1_varroa,d1_linsvm_072,centered112_neg4x,112,neg4x,hsv_lbp_only,hsv_lbp_only,valid,3220,644,2576,42,outputs/models/dataset1_varroa/01_linear_svm/d1_linsvm_072__centered112_neg4x__hsv_lbp_only.joblib,data/features/dataset1_varroa/centered112_neg4x__hsv_lbp_only.parquet,0.9037267080745341,0.7051597051597052,0.8913043478260869,0.7873799725651578,0.906832298136646,0.8990683229813665,574,240,2336,70
dataset1_varroa,d1_linsvm_073,centered112_neg4x,112,neg4x,hog8_pca_hsv_lbp,hog_pca_combined,valid,3220,644,2576,1536,outputs/models/dataset1_varroa/01_linear_svm/d1_linsvm_073__centered112_neg4x__hog8_pca_hsv_lbp.joblib,data/features/dataset1_varroa/centered112_neg4x__hog8_pca_hsv_lbp.parquet,0.9102484472049689,0.7278562259306803,0.8804347826086957,0.7969079409697821,0.9177018633540373,0.8990683229813665,567,212,2364,77
dataset1_varroa,d1_linsvm_074,centered112_neg4x,112,neg4x,hog8_pca_hsv,hog_pca_combined,valid,3220,644,2576,1526,outputs/models/dataset1_varroa/01_linear_svm/d1_linsvm_074__centered112_neg4x__hog8_pca_hsv.joblib,data/features/dataset1_varroa/centered112_neg4x__hog8_pca_hsv.parquet,0.908695652173913,0.7255154639175257,0.8742236024844721,0.7929577464788733,0.9173136645962733,0.8957686335403727,563,213,2363,81
dataset1_varroa,d1_linsvm_075,centered112_neg4x,112,neg4x,hog8_pca_only,hog_pca_only,valid,3220,644,2576,1494,outputs/models/dataset1_varroa/01_linear_svm/d1_linsvm_075__centered112_neg4x__hog8_pca_only.joblib,data/features/dataset1_varroa/centered112_neg4x__hog8_pca_only.parquet,0.8708074534161491,0.6919191919191919,0.6381987577639752,0.6639741518578353,0.9289596273291926,0.7835791925465838,411,183,2393,233
dataset1_varroa,d1_linsvm_076,centered112_neg4x,112,neg4x,hog16_pca_hsv_lbp,hog_pca_combined,valid,3220,644,2576,401,outputs/models/dataset1_varroa/01_linear_svm/d1_linsvm_076__centered112_neg4x__hog16_pca_hsv_lbp.joblib,data/features/dataset1_varroa/centered112_neg4x__hog16_pca_hsv_lbp.parquet,0.9440993788819876,0.8152173913043478,0.9316770186335404,0.8695652173913043,0.9472049689440993,0.9394409937888198,600,136,2440,44
dataset1_varroa,d1_linsvm_077,centered112_neg4x,112,neg4x,hog16_pca_hsv,hog_pca_combined,valid,3220,644,2576,391,outputs/models/dataset1_varroa/01_linear_svm/d1_linsvm_077__centered112_neg4x__hog16_pca_hsv.joblib,data/features/dataset1_varroa/centered112_neg4x__hog16_pca_hsv.parquet,0.9394409937888198,0.7997329773030708,0.9301242236024845,0.8600143575017947,0.9417701863354038,0.9359472049689441,599,150,2426,45
dataset1_varroa,d1_linsvm_078,centered112_neg4x,112,neg4x,hog16_pca_only,hog_pca_only,valid,3220,644,2576,359,outputs/models/dataset1_varroa/01_linear_svm/d1_linsvm_078__centered112_neg4x__hog16_pca_only.joblib,data/features/dataset1_varroa/centered112_neg4x__hog16_pca_only.parquet,0.8953416149068323,0.7678883071553229,0.6832298136645962,0.7230895645028759,0.9483695652173914,0.8157996894409938,440,133,2443,204
